position,person,personID,start,end
President,Kim Dae-jung,Q45785,1998-02-25,2003-02-24
President,Roh Moo-hyun,Q14345,2003-02-25,2008-02-24
President,Lee Myung-bak,Q14342,2008-02-25,2013-02-24
President,Park Geun-hye,Q138048,2013-02-25,2017-03-10
President,Moon Jae-in,Q21001,2017-05-10,2022-05-09
President,Yoon Suk-yeol,Q16090635,2022-05-10,
Prime Minister,Lee Hae Chan,Q319920,2004-07-30,2006-03-15
Prime Minister,Han Duck-soo,Q356666,2006-03-14,2006-04-19
Prime Minister,Han Duck-soo,Q356666,2007-04-02,2008-02-29
Prime Minister,Chung Un-chan,Q336417,2009-09-29,2010-08-11
Prime Minister,Yoon Jeung-hyun,Q498266,2010-08-11,2010-10-01
Prime Minister,Kim Hwang-sik,Q47529,2010-10-01,2013-02-26
Prime Minister,Jung Hong-won,Q4352214,2013-02-26,2015-02-16
Prime Minister,Lee Wan-koo,Q12612132,2015-02-17,2015-04-27
Prime Minister,Hwang Kyo-ahn,Q12625765,2015-06-18,2017-05-11
Prime Minister,Lee Nak-yon,Q12611134,2017-05-31,2020-01-14
Prime Minister,Chung Sye-kyun,Q11270093,2020-01-14,2021-04-17
Prime Minister,Hong Nam-ki,Q31180640,2021-04-17,2021-05-14
Prime Minister,Kim Boo-kyum,Q12587534,2021-05-14,2022-05-11
Prime Minister,Choo Kyung-ho,Q12619978,2022-05-12,2022-05-20
Prime Minister,Han Duck-soo,Q356666,2022-05-21,
Deputy Prime Minister,Jin Nyum,Q12618182,2001-01-29,2002-04-15
Deputy Prime Minister,Han Wan-sang,Q12624201,2001-01-29,2002-01-29
Deputy Prime Minister,Lee Sang-joo,Q16090930,2002-01-29,2003-03-06
Deputy Prime Minister,Jeon Yun-churl,Q16091546,2002-04-15,2003-02-25
Deputy Prime Minister,Kim Jin-pyo,Q10855898,2003-02-25,2004-02-10
Deputy Prime Minister,Yoon Deok-hong,Q16090626,2003-03-07,2003-12-24
Deputy Prime Minister,Ahn Byung-young,Q16084637,2003-12-24,2005-01-05
Deputy Prime Minister,Lee Hun-jai,Q3565102,2004-02-10,2005-03-07
Deputy Prime Minister,Oh Myung,Q12607825,2004-10-18,2006-02-10
Deputy Prime Minister,Lee Ki-jun,Q16090761,2005-01-05,2005-01-11
Deputy Prime Minister,Kim Young-sik,Q16080314,2005-01-11,2005-01-28
Deputy Prime Minister,Kim Jin-pyo,Q10855898,2005-01-28,2006-07-21
Deputy Prime Minister,Han Duck-soo,Q356666,2005-03-14,2006-07-18
Deputy Prime Minister,Kim Woo Sik,Q12588244,2006-02-10,2008-02-29
Deputy Prime Minister,Kwon O-kyu,Q3200866,2006-07-18,2008-02-29
Deputy Prime Minister,Kim Byong-joon,Q624537,2006-07-21,2006-08-09
Deputy Prime Minister,Lee Jong-seo,Q16091103,2006-08-09,2006-09-20
Deputy Prime Minister,Kim Shin-il,Q12587937,2006-09-20,2008-02-06
Deputy Prime Minister,Seo Nam-soo,Q12600849,2008-02-06,2008-02-25
Deputy Prime Minister,Seo Nam-soo,Q12600849,2008-02-25,2008-02-29
Deputy Prime Minister,Hyun Oh-seok,Q16092536,2013-03-22,2014-07-15
Deputy Prime Minister,Choi Kyoung-hwan,Q5103931,2014-07-15,2016-01-12
Deputy Prime Minister,Hwang Woo-yea,Q4392537,2014-11-19,2016-01-12
Deputy Prime Minister,Yoo Il-ho,Q16090573,2016-01-13,2017-03-10
Deputy Prime Minister,Lee Joon-sik,Q22083389,2016-01-13,2017-03-10
Deputy Prime Minister,Yoo Il-ho,Q16090573,2017-03-10,2017-05-11
Deputy Prime Minister,Lee Joon-sik,Q22083389,2017-03-10,2017-05-11
Deputy Prime Minister,Yoo Il-ho,Q16090573,2017-05-11,2017-06-10
Deputy Prime Minister,Lee Joon-sik,Q22083389,2017-05-11,2017-07-05
Deputy Prime Minister,Kim Dong-yeon,Q16080198,2017-06-10,2018-12-10
Deputy Prime Minister,Kim Sang-gon,Q16080247,2017-07-05,2018-10-02
Deputy Prime Minister,Yoo Eun-hae,Q16079929,2018-10-02,2022-05-09
Deputy Prime Minister,Hong Nam-ki,Q31180640,2018-12-11,2022-05-09
Deputy Prime Minister,Choo Kyung-ho,Q12619978,2022-05-10,
Deputy Prime Minister,Park Soon-ae,Q112131619,2022-07-04,
"Minister of Agriculture, Food and Rural Affairs",Kim Yung-rok,Q16176504,2017-07-03,2018-03-15
"Minister of Agriculture, Food and Rural Affairs",Lee Kai-ho,Q17401410,2018-08-09,2019-08-30
"Minister of Agriculture, Food and Rural Affairs",Kim Hyeon-soo,Q69696972,2019-08-31,2022-05-09
"Minister of Agriculture, Food and Rural Affairs",Jung Hwang-keun,Q31180631,2022-05-09,
"Minister of Culture, Sports and Tourism",Lee Chang-dong,Q239656,2003-02-27,2004-06-30
"Minister of Culture, Sports and Tourism",Do Jong-hwan,Q12593087,2017-06-16,2019-04-03
"Minister of Culture, Sports and Tourism",Park Yang-woo,Q16081865,2019-04-03,2021-02-10
"Minister of Culture, Sports and Tourism",Hwang Hee,Q24856300,2021-02-11,2022-05-10
"Minister of Culture, Sports and Tourism",Park Bo-gyun,Q111602136,2022-05-10,
Minister of Defence,Han Min-goo,Q5646647,2014-06-30,2017-07-13
Minister of Defence,Song Young-moo,Q31179461,2017-07-13,2018-09-21
Minister of Defence,Jeong Kyeong-doo,Q22974878,2018-09-21,2020-09-18
Minister of Defence,Suh Wook,Q61117556,2020-09,2022-05-10
Minister of Defence,Lee Jong-sup,Q42521104,2022-05-10,
Minister of Education,Hwang Woo-yea,Q4392537,2014-11-19,2016-01-12
Minister of Education,Lee Joon-sik,Q22083389,2016-01-13,2017-07-04
Minister of Education,Kim Sang-gon,Q16080247,2017-07-04,2018-10-02
Minister of Education,Yoo Eun-hae,Q16079929,2018-10-02,2022-05-09
Minister of Education,장상윤,Q112023728,2022-05-10,2022-07-04
Minister of Education,Park Soon-ae,Q112131619,2022-07-04,
Minister of Employment and Labour,Kim Young-joo,Q16080318,2017-08-14,2018-09-21
Minister of Employment and Labour,Lee Jae-gap,Q56824997,2018-09-21,2021-05-06
Minister of Employment and Labour,An Kyung-duk,Q106514351,2021-05-07,2022-05-09
Minister of Employment and Labour,Lee Jeong-Sik,Q112023777,2022-05-09,
Minister of the Environment,Yoon Sung-Kyu,Q12610308,2013-03-11,2016-09-04
Minister of the Environment,Jo Kyung-gyu,Q48421040,2016-09-05,2017-07-03
Minister of the Environment,Kim Eunkyung,Q31178699,2017-07-04,2018-11-09
Minister of the Environment,Han Jeoung-ae,Q12624300,2021-01-22,2022-05-10
Minister of the Environment,Han Hwa-jin,Q111621057,2022-05-10,
Minister of Finance,Han Duck-soo,Q356666,2005-03-14,2006-07-18
Minister of Finance,Yoon Jeung-hyun,Q498266,2009-02-10,2011-06-01
Minister of Finance,Kim Dong-yeon,Q16080198,2017-06-09,2018-12-10
Minister of Finance,Hong Nam-ki,Q31180640,2018-11,2022-05-09
Minister of Finance,Choo Kyung-ho,Q12619978,2022-05-10,
Minister of Food and Drink Safety,Kim Ganglip,Q105076339,2020-11-02,
Minister of Foreign Affairs,Hong Soon-young,Q5895672,1998-08-04,2000-01-14
Minister of Foreign Affairs,Lee Joung-binn,Q12612564,2000-01-14,2001-03-26
Minister of Foreign Affairs,Han Seung-soo,Q356675,2001-03-26,2002-02-04
Minister of Foreign Affairs,Choi Sung-hong,Q12619619,2002-02-04,2003-02-27
Minister of Foreign Affairs,Yoon Young-kwan,Q8055228,2003-02-27,2004-01-17
Minister of Foreign Affairs,Ban Ki-moon,Q1253,2004-01-17,2006-11-10
Minister of Foreign Affairs,Song Minsoon,Q490657,2006-11-10,2008-02-29
Minister of Foreign Affairs,Yu Myung-hwan,Q487250,2008-02-29,2010-09-04
Minister of Foreign Affairs,Kim Sung-hwan,Q492723,2010-10-08,2013-03-11
Minister of Foreign Affairs,Yun Byung-se,Q8325594,2013-03-11,2017-06-18
Minister of Foreign Affairs,Kang Kyung-hwa,Q6362240,2017-06-18,2021-02-08
Minister of Foreign Affairs,Chung Eui-yong,Q19941071,2021-02-09,2022-05-12
Minister of Foreign Affairs,Park Jin,Q16090188,2022-05-12,
Minister of Gender Equality and Family,Hee Young Paik,Q50125247,2010-03-19,2011-09-15
Minister of Gender Equality and Family,Chung Hyun-back,Q50125291,2017-07-07,2018-09-21
Minister of Gender Equality and Family,Chung Young-ai,Q104525309,2020-12-29,2022-05-17
Minister of Gender Equality and Family,Kim Hyun-sook,Q16080684,2022-05-17,
Minister for Government Legislation,Lee Kang-seop,Q105706103,2020-08,
Minister for Government Policy Coordination,Kim Dong-yeon,Q16080198,2013-03-25,2014-07-22
Minister for Government Policy Coordination,Hong Nam-ki,Q31180640,2017-05-11,2018-11-09
Minister for Government Policy Coordination,Koo Yun-cheol,Q106301454,2020-05-09,
Minister of Health and Welfare,Rhyu Si-min,Q488339,2006-02-10,2007-05-22
Minister of Health and Welfare,Chung Chin-youb,Q21710487,2015-08-27,2017-07-21
Minister of Health and Welfare,Park Neung-hoo,Q48315800,2017-07-22,2020-12-24
Minister of Health and Welfare,Kwon Deok-chul,Q104450768,2020-12-24,2022-05-17
Minister of the Interior and Safety,Kim Boo-kyum,Q12587534,2017-06-16,2019-04-06
Minister of the Interior and Safety,Jeon Hae-cheol,Q16091570,2020-12-24,2022-05-12
Minister of the Interior and Safety,Lee Sang-min,Q112023750,2022-05-12,
Minister of Justice,김정길,Q24859157,1999-06-08,2001-05-20
Minister of Justice,안동수,Q31179132,2001-05-21,2001-05-23
Minister of Justice,최경원,Q31179365,2001-05-24,2002-01-28
Minister of Justice,최경원,Q31179365,2002-01-29,2002-07-10
Minister of Justice,심상명,Q16090264,2002-07-11,2002-11-05
Minister of Justice,심상명,Q16090264,2002-11-09,2003-02-26
Minister of Justice,Kang Kum-sil,Q3565116,2003-02-07,2004-07-28
Minister of Justice,Kim Seung-kew,Q6409366,2004-07-29,2005-06-29
Minister of Justice,Chun Jung-bae,Q12618957,2005-06-29,2006-07-26
Minister of Justice,Kim Sung-ho,Q14942611,2006-08-28,2007-09-03
Minister of Justice,정성진,Q16097905,2007-09-04,2008-02-28
Minister of Justice,김경한,Q12586938,2008-02-29,2009-09-29
Minister of Justice,이귀남,Q16090714,2009-09-30,2011-08-10
Minister of Justice,Kwon Jae-jin,Q16080127,2011-08-12,2013-03-11
Minister of Justice,Hwang Kyo-ahn,Q12625765,2013-03-11,2015-06-18
Minister of Justice,Kim Ju-hyeon,Q112020778,2015-06-13,2015-07-09
Minister of Justice,Kim Hyun-woong,Q16080692,2015-07-09,2016-11-29
Minister of Justice,이창재,Q28699148,2016-11-29,2017-05-21
Minister of Justice,이금로,Q31180644,2017-05-22,2017-07-18
Minister of Justice,Park Sang-ki,Q42836875,2017-07-19,2019-09-08
Minister of Justice,Cho Kuk,Q12616590,2019-09-09,2019-10-14
Minister of Justice,Kim Oh-soo,Q60467132,2019-10-14,2020-01-01
Minister of Justice,Choo Mi-ae,Q11274387,2020-01-02,2021-01-27
Minister of Justice,Park Beom-kye,Q12596659,2021-01-28,2022-05-09
Minister of Justice,Dong-hoon Han,Q97199071,2022-05-09,
"Minister of Land, Infrastructure and Transport",Seo Sunghwan,Q11444444,2013-03-13,2015-03-13
"Minister of Land, Infrastructure and Transport",Yoo Il-ho,Q16090573,2015-03-16,2015-11-10
"Minister of Land, Infrastructure and Transport",Kang Hoin,Q16080050,2015-11-11,2017-06-21
"Minister of Land, Infrastructure and Transport",Kim Hyun-mee,Q16080678,2017-06-21,2020-12-28
"Minister of Land, Infrastructure and Transport",Byeon Chang-heum,Q104420644,2020-12-29,2021-04-16
"Minister of Land, Infrastructure and Transport",Noh Hyeong-ouk,Q31178685,2021-05-14,2022-05-13
"Minister of Land, Infrastructure and Transport",Won Hee-ryong,Q8031676,2022-05-13,
Minister of Oceans and Fisheries,Roh Moo-hyun,Q14345,2000-08-07,2001-03-25
Minister of Oceans and Fisheries,Chung Woo-taik,Q12615868,2001-03-26,2001-09-06
Minister of Oceans and Fisheries,Yoon Jin-sook,Q16090673,2013-04-17,2014-02-12
Minister of Oceans and Fisheries,Lee Ju-young,Q12612708,2014-03-05,2014-12-24
Minister of Oceans and Fisheries,Yoo Ki-june,Q12609690,2015-03-16,2015-11-10
Minister of Oceans and Fisheries,Kim Young-suk,Q19939516,2015-11-11,2017-06-15
Minister of Oceans and Fisheries,Kim Young-choon,Q12588095,2017-06-16,2019-04-02
Minister of Oceans and Fisheries,Moon Seong-hyeok,Q63378324,2019-04-03,2022-05-09
Minister of Oceans and Fisheries,Cho Seung-hwan,Q111729274,2022-05-09,
Minister of Patriots and Veterans Affairs,Joo-seop Ahn,Q16084791,2003-03-03,2004-09-23
Minister of Patriots and Veterans Affairs,Park Yoo-cheol,Q16094929,2004-09-24,2007-04-19
Minister of Patriots and Veterans Affairs,김정복,Q16080386,2007-04-20,2008-02-28
Minister of Patriots and Veterans Affairs,Kim Yang,Q16080301,2008-02-29,2011-02-23
Minister of Patriots and Veterans Affairs,Park Sung-choon,Q16081832,2011-02-24,2017-05-11
Minister of Patriots and Veterans Affairs,Pi Woo-jin,Q18444725,2017-05-17,2019-08-14
Minister of Patriots and Veterans Affairs,박삼득,Q81226575,2019-08-16,2020-12-30
Minister of Patriots and Veterans Affairs,Hwang Ki-chul,Q16092691,2020-12-31,2022-05-13
Minister of Patriots and Veterans Affairs,Park Min-shik,Q12596650,2022-05-13,
Minister of Personnel Management,Hwang Seo-chong,Q61098900,2018-12-14,2021-03-26
Minister of Reunification,Cho Myoung-gyon,Q31180634,2017-07-03,2019-04-08
Minister of Reunification,Kim Yeon-chul,Q65238771,2019-04-08,2020-06-19
Minister of Reunification,Lee In-young,Q16091058,2020-07-27,2022-05-09
Minister of Reunification,Kwon Young-se,Q16080113,2022-05-09,
Minister of Science and ICT,You Young-min,Q24856203,2017-07-11,2019-09-08
Minister of Science and ICT,Choi Ki-young,Q81226776,2019-09-09,2021-05-13
Minister of Science and ICT,Lim Hyesook,Q97198407,2021-05-14,2022-05-09
Minister of Science and ICT,Jong Ho Lee,Q29341335,2022-05-10,
Minister of SMEs and Startups,Hong Jonghak,Q16180333,2017-11-21,2019-04-08
Minister of SMEs and Startups,Park Young-sun,Q11521597,2019-04-08,2021-01-20
Minister of SMEs and Startups,Kwon Chil-seung,Q24000551,2021-02-05,2022-05-12
Minister of SMEs and Startups,Lee Young,Q93756428,2022-05-12,
"Minister of Trade, Industry and Energy",Paik Un-gyu,Q43508765,2017-07-22,2018-09-21
"Minister of Trade, Industry and Energy",Sung Yun-mo,Q55731004,2018-09-21,2021-05-05
"Minister of Trade, Industry and Energy",Moon Sung-wook,Q106518639,2021-05-06,2022-05-12
"Minister of Trade, Industry and Energy",Lee Chang-yang,Q112023462,2022-05-12,
Speaker of the National Assembly,박준규,Q16082243,1998-08-03,2000-05-29
Speaker of the National Assembly,Man-sŏp Yi,Q12611331,2000-06-05,2002-05-29
Speaker of the National Assembly,Park Kwan-yong,Q12596508,2002-07-08,2004-05-29
Speaker of the National Assembly,金元基,Q623670,2004-06-05,2006-05-29
Speaker of the National Assembly,임채정,Q12613984,2006-06-19,2008-05-29
Speaker of the National Assembly,Kim Hyŏng-o,Q87652783,2008-07-10,2010-05-29
Speaker of the National Assembly,Park Hee-tae,Q6783852,2010-06-08,2012-02-27
Speaker of the National Assembly,Chung Ui-hwa,Q12615929,2012-02-27,2012-05-29
Speaker of the National Assembly,Kang Chang-hee,Q12583135,2012-07-02,2014-05-29
Speaker of the National Assembly,Chung Ui-hwa,Q12615929,2014-05-30,2016-05-29
Speaker of the National Assembly,Chung Sye-kyun,Q11270093,2016-06-09,2018-05-31
Speaker of the National Assembly,Moon Hee-sang,Q12595907,2018-07-13,2020-05-29
Speaker of the National Assembly,Park Byeong-seug,Q16079899,2020-06-05,2022-05-29
Speaker of the National Assembly,Kim Jin-pyo,Q10855898,2022-07-04,
Governor of the Bank of Korea,Chʻŏr-hwan Chŏn,Q12615345,1998-03-06,2002-03-31
Governor of the Bank of Korea,Park Seung,Q12596812,2002-04-01,2006-03-31
Governor of the Bank of Korea,Seongtae Lee,Q16090966,2006-04-01,2010-03-31
Governor of the Bank of Korea,Kim Choong-soo,Q495038,2010-04-01,2014-03-31
Governor of the Bank of Korea,Lee Ju-yeol,Q16091117,2014-04-01,2022-03-31
Governor of the Bank of Korea,Rhee Chang-yong,Q12612865,2022-04-21,
Chairman of the Financial Services Commission,Jun Kwang-Woo,Q6311493,2008-03-01,2009-01-20
Chairman of the Financial Services Commission,Jin Dong-su,Q16092025,2009-01-20,2011-01-03
Chairman of the Financial Services Commission,Kim Seokdong,Q12587639,2011-01-03,2013-02-25
Chairman of the Financial Services Commission,Choo Kyung-ho,Q12619978,2013-02-26,2013-03-21
Chairman of the Financial Services Commission,Shin Je-yoon,Q16084301,2013-03-22,2015-03-13
Chairman of the Financial Services Commission,Jung Chan-woo,Q16091762,2015-03-13,2015-03-17
Chairman of the Financial Services Commission,Im Jungryong,Q16091382,2015-03-17,2017-07-18
Chairman of the Financial Services Commission,Choi Jong-gu,Q55737954,2017-07-19,2019-09-08
Chairman of the Financial Services Commission,Eun Sung-soo,Q55732998,2019-09-09,2021-08-30
Chairman of the Financial Services Commission,Koh Seungbeom,Q109628296,2021-08-31,2022-07-05
Chairman of the Financial Services Commission,Kim So-young,Q112023162,2022-07-05,2022-07-11
Chairman of the Financial Services Commission,Kim Joo-hyun,Q12588743,2022-07-11,
Chairman of the Joint Chiefs of Staff,Cho Yung-kil,Q16179284,1999-10-26,2001-10-08
Chairman of the Joint Chiefs of Staff,Lee Sang-hee,Q492660,2005-04-07,2006-11-17
Chairman of the Joint Chiefs of Staff,Kim Kwan-jin,Q486034,2006-11-17,2008-03-25
Chairman of the Joint Chiefs of Staff,Kim Tae-young,Q486900,2008-03-28,2009-09-23
Chairman of the Joint Chiefs of Staff,Lee Sang-eui,Q24856119,2009-09-30,2010-06-30
Chairman of the Joint Chiefs of Staff,Han Min-goo,Q5646647,2010-06-30,2011-10-26
Chairman of the Joint Chiefs of Staff,Jeong Seung-jo,Q6180288,2011-10-26,2013-10-16
Chairman of the Joint Chiefs of Staff,Choi Yoon-hee,Q12619778,2013-10-16,2015-10-07
Chairman of the Joint Chiefs of Staff,Lee Sun-jin,Q19599290,2015-10-07,2017-08-20
Chairman of the Joint Chiefs of Staff,Jeong Kyeong-doo,Q22974878,2017-08-20,2018-09-21
Chairman of the Joint Chiefs of Staff,Park Han-ki,Q47501409,2018-10-11,2020-09-23
Chairman of the Joint Chiefs of Staff,Won In-choul,Q42527142,2020-09-23,2022-07-04
Chairman of the Joint Chiefs of Staff,Kim Seung-kyum,Q112913388,2022-07-04,
Prosecutor General,문무일,Q19939855,2017-07-25,2019-07-24
Prosecutor General,Yoon Suk-yeol,Q16090635,2019-07-25,2021-03-04
Prosecutor General,Kim Oh-soo,Q60467132,2021-06-01,
Chief of Staff to the President,You Young-min,Q24856203,2021-01-01,
Chief Presidential Secretary for Policy,Lee Ho-seung,Q60467999,2021-03-29,
Director of the National Security Office,Suh Hoon,Q31180700,2020-07-03,
Director of the National Intelligence Service,Park Jie-won,Q624217,2020-07-29,
Chair of the Fair Trade Commission,Joh Sung-wook,Q66316843,2019-09-09,
Mayor of Seoul,Lee Myung-bak,Q14342,2002-07-01,2006-06-30
Mayor of Seoul,Oh Se-hoon,Q494239,2006-07-01,2010-06-30
Mayor of Seoul,Oh Se-hoon,Q494239,2010-07-01,2011-08-26
Mayor of Seoul,Park Won-soon,Q22803,2011-10-27,2018-06-30
Mayor of Seoul,Park Won-soon,Q22803,2014-07-01,2018-06-30
Mayor of Seoul,Park Won-soon,Q22803,2018-07-01,2020-07-09
Mayor of Seoul,Oh Se-hoon,Q494239,2021-04-08,
Acting President,Hwang Kyo-ahn,Q12625765,2016-12-09,2017-05-10
First Lady,Lee Hui-ho,Q11267083,1998-02-25,2003-02-24
First Lady,Kwon Yang-sook,Q482738,2003-02-25,2008-02-25
First Lady,Kim Yoon-ok,Q496572,2008-02-25,2013-02-25
First Lady,Kim Jung-sook,Q29881198,2017-05-10,2022-05-09
First Lady,Kim Keon-hee,Q107805133,2022-05-10,
Deputy Minister of Economy and Finance,Kim Dong-yeon,Q16080198,2012-01-08,2013-03-22
Vice Foreign Minister,Cho Se-young,Q65283475,2019-05,
Secretary General of National Assembly,유인태,Q12609952,2018-07-16,2020-06-28
Head of the Corruption Investigation Office,Kim Jin-wook,Q105036743,2021-01-21,
Deputy director of the Corruption Investigation Office,Yeo Unguk,Q105106981,2021-01-29,
ambassador to France,Choi Jong-moon,Q107012114,2018-01,2020-12
ambassador to Germany,Lee Soo-hyuck,Q22974711,2005,2007
ambassador to Hungary,Nam Gwan Pyo,Q62059196,2011,2014
ambassador to Hungary,Choi Gyu-sik,Q16092095,2018,
ambassador to Japan,Kim Suk Kyu,Q16080261,1998,2000
ambassador to Japan,최상용,Q12619584,2000,2002
ambassador to Japan,趙世衡,Q4886935,2002,2004
ambassador to Japan,Ra Jong-yil,Q578806,2004,2007
ambassador to Japan,Yu Myung-hwan,Q487250,2007,2008
ambassador to Japan,Kwon Chol-hyun,Q4887002,2008,2011
ambassador to Japan,Shin Kak Soo,Q11578032,2011,2013
ambassador to Japan,李丙琪,Q13419806,2013,2014
ambassador to Japan,柳興洙,Q17594635,2014,2016
ambassador to Japan,李俊揆,Q28693236,2016,2017
ambassador to Japan,Lee Su-Hoon,Q40043142,2017,
ambassador to Sri Lanka,Choi Jong-moon,Q107012114,2011-03,2014-04
ambassador to the United States,Han Duck-soo,Q356666,2009-03-09,2012-02-17
ambassador to the United States,Choi Young-jin,Q562520,2012,2013
ambassador to the United States,Ahn Ho-young,Q16084836,2013,2017
ambassador to the United States,Cho Yoon-je,Q12616983,2017,2019
ambassador to the United States,Lee Soo-hyuck,Q22974711,2019-10-25,2022-05-26
President of the Constitutional Court,Kim Yong-jun,Q12588211,1994-09-15,2000-09-14
President of the Constitutional Court,윤영철,Q12610371,2000-09-15,2006-09-14
President of the Constitutional Court,Lee Kang-kuk,Q12610835,2007-01-22,2013-01-21
President of the Constitutional Court,송두환,Q16178157,2013-01-22,2013-03-22
President of the Constitutional Court,Lee Jung-mi,Q12612556,2013-03-25,2013-04-11
President of the Constitutional Court,Park Han-Chul,Q16180894,2013-04-12,2017-01-31
President of the Constitutional Court,Lee Jung-mi,Q12612556,2017-02-01,2017-03-13
President of the Constitutional Court,Lee Jin-Sung,Q18684992,2017-11-24,2018-09-19
President of the Constitutional Court,Yoo Nam-Seok,Q48054569,2018-09-21,
Chief Justice,최종영,Q16173280,1999-09-23,2005-09-23
Chief Justice,Lee Yong-hun,Q16091033,2005-09-26,2011-09-23
Chief Justice,Yang Sung-tae,Q8048473,2011-09-25,2017-09-24
Chief Justice,Kim Myeong-soo,Q40974810,2017-09-25,
Supreme Court Justice,박일환,Q12597022,2006-07,2012-07-10
Supreme Court Justice,조희대,Q18733656,2014-03-04,2020-03-03
Supreme Court Justice,박상옥,Q19349432,2015-05-08,2021-05-07
Supreme Court Justice,김재형,Q55728316,2016-09,
Supreme Court Justice,Roh Tae-ak,Q55728795,2020-03-04,
Supreme Court Justice,이흥구,Q97231128,2020-09-08,
Supreme Court Justice,천대엽,Q106792173,2021-05-10,
Supreme Court Justice,오경미,Q108073914,2021-09-17,
Deputy Speaker of the National Assembly,Chung Ui-hwa,Q12615929,2010-06-08,2012-05-29
Deputy Speaker of the National Assembly,Lee Ju-young,Q12612708,2018-07-13,2020-05-29
Deputy Speaker of the National Assembly,Kim Sang-hee,Q12587629,2020-06-05,
Deputy Speaker of the National Assembly,Chung Jin-suk,Q12616038,2021-08-31,
Chief of Staff of the Air Force,Jeong Kyeong-doo,Q22974878,2015-09-17,2017-08-08
Chief of Staff of the Air Force,Won In-choul,Q42527142,2019-04-16,2020-09-23
Chief of Staff of the Air Force,Lee Seong-yong,Q105476650,2020-09-23,
Chief of Staff of the Army,Gil Hyeong-bo,Q27951855,1999-10-03,2001-10-12
Chief of Staff of the Army,Kim Pan-gyu,Q60256280,2001-10-13,2003-04-06
Chief of Staff of the Army,Nam Jae-jun,Q15970813,2003-04-07,2005-04-07
Chief of Staff of the Army,Kim Jang-soo,Q3196731,2005-04-07,2006-11-07
Chief of Staff of the Army,Park Heung-ryeol,Q12597362,2006-11-17,2008-03-21
Chief of Staff of the Army,Lim Choung-bin,Q16091398,2008-03-21,2009-09-21
Chief of Staff of the Army,Han Min-goo,Q5646647,2009-09-21,2010-06-18
Chief of Staff of the Army,Hwang Ui-don,Q12625882,2010-06-18,2010-12-14
Chief of Staff of the Army,Kim Sang-ki,Q12587567,2010-12-16,2012-10-11
Chief of Staff of the Army,Cho Jung-hwan,Q16091934,2012-10-11,2013-09-28
Chief of Staff of the Army,Kwon Oh-sung,Q16080118,2013-09-28,2014-08-11
Chief of Staff of the Army,Kim Yo-hwan,Q17503252,2014-08-11,2015-09-17
Chief of Staff of the Army,Jang Jun-Kyu,Q17964163,2015-09-17,2017-08-11
Chief of Staff of the Army,Kim Yong-woo,Q40395593,2017-08-11,2019-04-16
Chief of Staff of the Army,Suh Wook,Q61117556,2019-04-16,2020-09-18
Chief of Staff of the Army,Nam Yeong-shin,Q56379374,2020-09-23,2022-05-25
Chief of Staff of the Army,박정환,Q112132653,2022-05-26,
Chief of Naval Operations,Song Young-moo,Q31179461,2006-11-17,2008-03-20
Chief of Naval Operations,Jung Ok-keun,Q12615847,2008-03,2010-03
Chief of Naval Operations,Hwang Ki-chul,Q16092691,2013-09-28,2015-02-27
Chief of Naval Operations,Sim Seung-seob,Q55731430,2018-07,
Chief of Naval Operations,Boo Suk-jong,Q98437150,2020-04-10,
Governor of Gyeonggi Province,Nam Kyung-pil,Q12589755,2014-07-01,2018-06-30
Governor of Gyeonggi Province,Lee Jae-myung,Q12612463,2018-07-01,2021-10-25
Governor of Gyeonggi Province,Kim Dong-yeon,Q16080198,2022-07-01,
Governor of Jeju Province,Won Hee-ryong,Q8031676,2014-07-01,2021-08-11
Governor of Jeju Province,Koo Man-sub,Q97218826,2021-08-12,
Governor of Jeju Province,Oh Young-hun,Q24000511,2022-07-01,
Governor of North Chungcheong Province,Chung Woo-taik,Q12615868,2006-07-01,2010-06-30
Governor of North Jeolla Province,Kim Kwan-young,Q16079862,2022-07-01,
Governor of South Chungcheong Province,Lee Wan-koo,Q12612132,2006-07-01,2009-12-04
Governor of South Chungcheong Province,Hee-Jung Ahn,Q12605902,2010-07-01,2018-03-06
Governor of South Gyeongsang Province,Kim Doo-kwan,Q6408593,2010-07-01,2012-07-06
Governor of South Gyeongsang Province,Hong Joon-pyo,Q5894103,2012-12-20,2017-04-09
Governor of South Gyeongsang Province,Kim Kyoung-soo,Q16172584,2018-07-01,
Governor of South Jeolla Province,Lee Nak-yon,Q12611134,2014-07-01,2017-05-12
Mayor of Busan,Suh Byung-soo,Q16083277,2014-07-01,2018-06-30
Mayor of Busan,Park Heong-joon,Q16082568,2021-04-08,
Mayor of Daegu,Moon Heap,Q16081114,1995-07-01,2002-06-30
Mayor of Daegu,Cho Hae-nyung,Q12617144,2002-07-01,2006-06-30
Mayor of Daegu,Kim Bum-il,Q12587448,2006-07-01,2014-06-30
Mayor of Daegu,Kwon Young-jin,Q12586103,2014-07-01,2022-06-30
Mayor of Daegu,Hong Joon-pyo,Q5894103,2022-07-01,
Mayor of Incheon,최기선,Q16092102,1995-07-01,2002-06-30
Mayor of Incheon,Ahn Sang-soo,Q4696248,2002-07-01,2010-06-30
Mayor of Incheon,Song Young-gil,Q484024,2010-07-01,2014-06-30
Mayor of Incheon,Yoo Jeong-bok,Q12609987,2014-07-01,2018-06-30
Mayor of Incheon,Park Nam-choon,Q16081369,2018-07-01,2022-06-30
Mayor of Incheon,Yoo Jeong-bok,Q12609987,2022-07-01,
Mayor of Sejong City,Lee Chunhee,Q12612939,2014-07-01,
Mayor of Seoul City,Kim Sung-whan,Q12587781,2014-07-01,
Mayor of Seoul City,Kim Woo Young,Q12588250,2014-07-01,
Mayor of Seoul City,Shin Yeon Hee,Q12604449,2014-07-01,
Mayor of Seoul City,Park Chun-hee,Q16082443,2014-07-01,
Mayor of Seoul City,Jeongwon Oh,Q17504171,2014-07-01,
Mayor of Ulsan,Kim Gi-hyeon,Q12587076,2014-07-01,2018-06-30
